date,sp500,ir3m,ir10y,vix,gdp,cpi,date_yyyymmdd
1998-01-31,980.280029296875,5.039999961853027,5.51200008392334,21.469999313354492,12703.742,162.0,19980131
1998-02-28,1049.3399658203125,5.179999828338623,5.616000175476074,18.549999237060547,12703.742,162.0,19980228
1998-03-31,1101.75,4.989999771118164,5.6620001792907715,24.219999313354492,12703.742,162.0,19980331
1998-04-30,1111.75,4.849999904632568,5.666999816894531,21.18000030517578,12821.339,162.2,19980430
1998-05-31,1090.8199462890625,4.889999866485596,5.546000003814697,21.31999969482422,12821.339,162.6,19980531
1998-06-30,1133.8399658203125,4.96999979019165,5.434000015258789,19.709999084472656,12821.339,162.8,19980630
1998-07-31,1120.6700439453125,4.949999809265137,5.49399995803833,24.799999237060547,12982.752,163.2,19980731
1998-08-31,957.280029296875,4.760000228881836,5.0320000648498535,44.279998779296875,12982.752,163.4,19980831
1998-09-30,1017.010009765625,4.25,4.409999847412109,40.95000076293945,12982.752,163.5,19980930
1998-10-31,1098.6700439453125,4.210000038146973,4.603000164031982,28.049999237060547,13191.67,163.9,19981031
1998-11-30,1163.6300048828125,4.420000076293945,4.72599983215332,26.010000228881836,13191.67,164.1,19981130
1998-12-31,1229.22998046875,4.349999904632568,4.638000011444092,24.420000076293945,13191.67,164.4,19981231
1999-01-31,1279.6400146484375,4.360000133514404,4.6529998779296875,26.25,13315.597,164.7,19990131
1999-02-28,1238.3299560546875,4.550000190734863,5.271999835968018,27.8799991607666,13315.597,164.7,19990228
1999-03-31,1286.3699951171875,4.360000133514404,5.234000205993652,23.260000228881836,13315.597,164.8,19990331
1999-04-30,1335.1800537109375,4.429999828338623,5.349999904632568,25.06999969482422,13426.748,165.9,19990430
1999-05-31,1301.8399658203125,4.510000228881836,5.611000061035156,25.389999389648438,13426.748,166.0,19990531
1999-06-30,1372.7099609375,4.670000076293945,5.809999942779541,21.09000015258789,13426.748,166.0,19990630
1999-07-31,1328.719970703125,4.619999885559082,5.9070000648498535,24.639999389648438,13604.771,166.7,19990731
1999-08-31,1320.4100341796875,4.849999904632568,5.979000091552734,24.450000762939453,13604.771,167.1,19990831
1999-09-30,1282.7099609375,4.710000038146973,5.885000228881836,25.40999984741211,13604.771,167.8,19990930
1999-10-31,1362.9300537109375,4.960000038146973,6.002999782562256,22.200000762939453,13827.98,168.1,19991031
1999-11-30,1388.9100341796875,5.150000095367432,6.163000106811523,24.18000030517578,13827.98,168.4,19991130
1999-12-31,1469.25,5.170000076293945,6.434999942779541,24.639999389648438,13827.98,168.8,19991231
2000-01-31,1394.4599609375,5.53000020980835,6.666999816894531,24.950000762939453,13878.147,169.3,20000131
2000-02-29,1366.4200439453125,5.639999866485596,6.408999919891357,23.3700008392334,13878.147,170.0,20000229
2000-03-31,1498.5799560546875,5.71999979019165,6.0229997634887695,24.110000610351562,13878.147,171.0,20000331
2000-04-30,1452.4300537109375,5.650000095367432,6.214000225067139,26.200000762939453,14130.908,170.9,20000430
2000-05-31,1420.5999755859375,5.489999771118164,6.284999847412109,23.649999618530273,14130.908,171.2,20000531
2000-06-30,1454.5999755859375,5.699999809265137,6.01800012588501,19.540000915527344,14130.908,172.2,20000630
2000-07-31,1430.8299560546875,6.019999980926514,6.0289998054504395,20.739999771118164,14145.312,172.7,20000731
2000-08-31,1517.6800537109375,6.110000133514404,5.729000091552734,16.84000015258789,14145.312,172.7,20000831
2000-09-30,1436.510009765625,6.03000020980835,5.7779998779296875,20.56999969482422,14145.312,173.6,20000930
2000-10-31,1429.4000244140625,6.150000095367432,5.756999969482422,23.6299991607666,14229.765,173.9,20001031
2000-11-30,1314.949951171875,6.010000228881836,5.439000129699707,29.649999618530273,14229.765,174.2,20001130
2000-12-31,1320.280029296875,5.730000019073486,5.110000133514404,26.850000381469727,14229.765,174.6,20001231
2001-01-31,1366.010009765625,4.840000152587891,5.178999900817871,22.020000457763672,14183.12,175.6,20010131
2001-02-28,1239.93994140625,4.71999979019165,4.9079999923706055,28.350000381469727,14183.12,176.0,20010228
2001-03-31,1160.3299560546875,4.179999828338623,4.914999961853027,28.639999389648438,14183.12,176.1,20010331
2001-04-30,1249.4599609375,3.8299999237060547,5.3379998207092285,25.479999542236328,14271.694,176.4,20010430
2001-05-31,1255.8199462890625,3.5399999618530273,5.413000106811523,22.639999389648438,14271.694,177.3,20010531
2001-06-30,1224.3800048828125,3.559999942779541,5.389999866485596,19.059999465942383,14271.694,177.7,20010630
2001-07-31,1211.22998046875,3.440000057220459,5.0370001792907715,21.6200008392334,14214.516,177.4,20010731
2001-08-31,1133.5799560546875,3.2799999713897705,4.815999984741211,24.920000076293945,14214.516,177.4,20010831
2001-09-30,1040.93994140625,2.299999952316284,4.574999809265137,31.93000030517578,14214.516,178.1,20010930
2001-10-31,1059.780029296875,2.009999990463257,4.263000011444092,33.560001373291016,14253.574,177.6,20011031
2001-11-30,1139.449951171875,1.7300000190734863,4.74399995803833,23.84000015258789,14253.574,177.5,20011130
2001-12-31,1148.0799560546875,1.6699999570846558,5.0320000648498535,23.799999237060547,14253.574,177.4,20011231
2002-01-31,1130.199951171875,1.7200000286102295,5.025000095367432,21.09000015258789,14372.785,177.7,20020131
2002-02-28,1106.72998046875,1.7200000286102295,4.859000205993652,21.59000015258789,14372.785,178.0,20020228
2002-03-31,1147.3900146484375,1.7400000095367432,5.406000137329102,17.399999618530273,14372.785,178.5,20020331
2002-04-30,1076.9200439453125,1.7300000190734863,5.091000080108643,21.90999984741211,14460.848,179.3,20020430
2002-05-31,1067.1400146484375,1.7050000429153442,5.043000221252441,19.979999542236328,14460.848,179.5,20020531
2002-06-30,989.8200073242188,1.659000039100647,4.823999881744385,25.399999618530273,14460.848,179.6,20020630
2002-07-31,911.6199951171875,1.6649999618530273,4.465000152587891,32.029998779296875,14519.633,180.0,20020731
2002-08-31,916.0700073242188,1.6449999809265137,4.13700008392334,32.63999938964844,14519.633,180.5,20020831
2002-09-30,815.280029296875,1.5269999504089355,3.6070001125335693,39.689998626708984,14519.633,180.8,20020930
2002-10-31,885.760009765625,1.4170000553131104,3.9110000133514404,31.139999389648438,14537.58,181.2,20021031
2002-11-30,936.3099975585938,1.2020000219345093,4.2129998207092285,27.5,14537.58,181.5,20021130
2002-12-31,879.8200073242188,1.1820000410079956,3.818000078201294,28.6200008392334,14537.58,181.8,20021231
2003-01-31,855.7000122070312,1.1480000019073486,3.9749999046325684,31.170000076293945,14614.141,182.6,20030131
2003-02-28,841.1500244140625,1.1749999523162842,3.696000099182129,29.6299991607666,14614.141,183.6,20030228
2003-03-31,848.1799926757812,1.090000033378601,3.822999954223633,29.149999618530273,14614.141,183.9,20030331
2003-04-30,916.9199829101562,1.1009999513626099,3.8570001125335693,21.209999084472656,14743.567,183.2,20030430
2003-05-31,963.5900268554688,1.0850000381469727,3.3499999046325684,19.469999313354492,14743.567,182.9,20030531
2003-06-30,974.5,0.8379999995231628,3.5280001163482666,19.520000457763672,14743.567,183.1,20030630
2003-07-31,990.3099975585938,0.9269999861717224,4.473999977111816,19.489999771118164,14988.782,183.7,20030731
2003-08-31,1008.010009765625,0.9599999785423279,4.453999996185303,18.6299991607666,14988.782,184.5,20030831
2003-09-30,995.969970703125,0.9259999990463257,3.937000036239624,22.719999313354492,14988.782,185.1,20030930
2003-10-31,1050.7099609375,0.9319999814033508,4.301000118255615,16.100000381469727,15162.76,184.9,20031031
2003-11-30,1058.199951171875,0.9079999923706055,4.320000171661377,16.31999969482422,15162.76,185.0,20031130
2003-12-31,1111.9200439453125,0.9070000052452087,4.256999969482422,18.309999465942383,15162.76,185.5,20031231
2004-01-31,1131.1300048828125,0.8970000147819519,4.138000011444092,16.6299991607666,15248.68,186.3,20040131
2004-02-29,1144.93994140625,0.9269999861717224,3.9839999675750732,14.550000190734863,15248.68,186.7,20040229
2004-03-31,1126.2099609375,0.9229999780654907,3.8369998931884766,16.739999771118164,15248.68,187.1,20040331
2004-04-30,1107.300048828125,0.9520000219345093,4.500999927520752,17.190000534057617,15366.85,187.4,20040430
2004-05-31,1120.6800537109375,1.0520000457763672,4.65500020980835,15.5,15366.85,188.2,20040531
2004-06-30,1140.8399658203125,1.3029999732971191,4.617000102996826,14.34000015258789,15366.85,188.9,20040630
2004-07-31,1101.719970703125,1.4119999408721924,4.474999904632568,15.319999694824219,15512.619,189.1,20040731
2004-08-31,1104.239990234375,1.5679999589920044,4.131999969482422,15.289999961853027,15512.619,189.2,20040831
2004-09-30,1114.5799560546875,1.6740000247955322,4.11899995803833,13.34000015258789,15512.619,189.8,20040930
2004-10-31,1130.199951171875,1.8669999837875366,4.0289998054504395,16.270000457763672,15670.88,190.8,20041031
2004-11-30,1173.8199462890625,2.181999921798706,4.357999801635742,13.239999771118164,15670.88,191.7,20041130
2004-12-31,1211.9200439453125,2.181999921798706,4.216000080108643,13.289999961853027,15670.88,191.7,20041231
2005-01-31,1181.27001953125,2.421999931335449,4.132999897003174,12.819999694824219,15844.727,191.6,20050131
2005-02-28,1203.5999755859375,2.690000057220459,4.359000205993652,12.079999923706055,15844.727,192.4,20050228
2005-03-31,1180.5899658203125,2.7219998836517334,4.495999813079834,14.020000457763672,15844.727,193.1,20050331
2005-04-30,1156.8499755859375,2.8369998931884766,4.201000213623047,15.3100004196167,15922.782,193.7,20050430
2005-05-31,1191.5,2.881999969482422,4.00600004196167,13.289999961853027,15922.782,193.6,20050531
2005-06-30,1191.3299560546875,3.059999942779541,3.944999933242798,12.039999961853027,15922.782,193.7,20050630
2005-07-31,1234.1800537109375,3.3320000171661377,4.285999774932861,11.569999694824219,16047.587,194.9,20050731
2005-08-31,1220.3299560546875,3.430000066757202,4.019999980926514,12.600000381469727,16047.587,196.1,20050831
2005-09-30,1228.81005859375,3.4700000286102295,4.328000068664551,11.920000076293945,16047.587,198.8,20050930
2005-10-31,1207.010009765625,3.805000066757202,4.559000015258789,15.319999694824219,16136.734,199.1,20051031
2005-11-30,1249.47998046875,3.8570001125335693,4.5,12.0600004196167,16136.734,198.1,20051130
2005-12-31,1248.2900390625,3.984999895095825,4.394999980926514,12.069999694824219,16136.734,198.1,20051231
2006-01-31,1280.0799560546875,4.369999885559082,4.5269999504089355,12.949999809265137,16353.835,199.3,20060131
2006-02-28,1280.6600341796875,4.506999969482422,4.546999931335449,12.34000015258789,16353.835,199.4,20060228
2006-03-31,1294.8699951171875,4.514999866485596,4.853000164031982,11.390000343322754,16353.835,199.7,20060331
2006-04-30,1310.6099853515625,4.650000095367432,5.068999767303467,11.59000015258789,16396.151,200.7,20060430
2006-05-31,1270.0899658203125,4.715000152587891,5.11299991607666,16.440000534057617,16396.151,201.3,20060531
2006-06-30,1270.199951171875,4.860000133514404,5.138000011444092,13.079999923706055,16396.151,201.8,20060630
2006-07-31,1276.6600341796875,4.934999942779541,4.98799991607666,14.949999809265137,16420.738,202.9,20060731
2006-08-31,1303.8199462890625,4.90500020980835,4.73199987411499,12.3100004196167,16420.738,203.8,20060831
2006-09-30,1335.8499755859375,4.760000228881836,4.632999897003174,11.979999542236328,16420.738,202.8,20060930
2006-10-31,1377.93994140625,4.940000057220459,4.605999946594238,11.100000381469727,16561.866,201.9,20061031
2006-11-30,1400.6300048828125,4.889999866485596,4.458000183105469,10.90999984741211,16561.866,202.0,20061130
2006-12-31,1418.300048828125,4.885000228881836,4.710000038146973,11.5600004196167,16561.866,203.1,20061231
2007-01-31,1438.239990234375,4.974999904632568,4.826000213623047,10.420000076293945,16611.69,203.437,20070131
2007-02-28,1406.8199462890625,4.994999885559082,4.550000190734863,15.420000076293945,16611.69,204.226,20070228
2007-03-31,1420.8599853515625,4.894999980926514,4.6479997634887695,14.640000343322754,16611.69,205.288,20070331
2007-04-30,1482.3699951171875,4.724999904632568,4.630000114440918,14.220000267028809,16713.314,205.904,20070430
2007-05-31,1530.6199951171875,4.590000152587891,4.889999866485596,13.050000190734863,16713.314,206.755,20070531
2007-06-30,1503.3499755859375,4.670000076293945,5.0329999923706055,16.229999542236328,16713.314,207.234,20070630
2007-07-31,1455.27001953125,4.809999942779541,4.770999908447266,23.520000457763672,16809.587,207.603,20070731
2007-08-31,1473.989990234375,3.990000009536743,4.5370001792907715,23.3799991607666,16809.587,207.667,20070831
2007-09-30,1526.75,3.700000047683716,4.578999996185303,18.0,16809.587,208.547,20070930
2007-10-31,1549.3800048828125,3.819999933242798,4.474999904632568,18.530000686645508,16915.191,209.19,20071031
2007-11-30,1481.1400146484375,3.069999933242798,3.9719998836517334,22.8700008392334,16915.191,210.834,20071130
2007-12-31,1468.3599853515625,3.140000104904175,4.034999847412109,22.5,16915.191,211.445,20071231
2008-01-31,1378.550048828125,1.8700000047683716,3.6389999389648438,26.200000762939453,16843.003,212.174,20080131
2008-02-29,1330.6300048828125,1.784999966621399,3.5339999198913574,26.540000915527344,16843.003,212.687,20080229
2008-03-31,1322.699951171875,1.274999976158142,3.431999921798706,25.610000610351562,16843.003,213.448,20080331
2008-04-30,1385.5899658203125,1.340000033378601,3.759000062942505,20.790000915527344,16943.291,213.942,20080430
2008-05-31,1400.3800048828125,1.850000023841858,4.046000003814697,17.829999923706055,16943.291,215.208,20080531
2008-06-30,1280.0,1.7050000429153442,3.9790000915527344,23.950000762939453,16943.291,217.463,20080630
2008-07-31,1267.3800048828125,1.6349999904632568,3.9790000915527344,22.940000534057617,16854.295,219.016,20080731
2008-08-31,1282.8299560546875,1.690000057220459,3.812999963760376,20.649999618530273,16854.295,218.69,20080831
2008-09-30,1166.3599853515625,0.8999999761581421,3.8269999027252197,39.38999938964844,16854.295,218.877,20080930
2008-10-31,968.75,0.4350000023841858,3.9700000286102295,59.88999938964844,16485.35,216.995,20081031
2008-11-30,896.239990234375,0.019999999552965164,2.9570000171661377,55.279998779296875,16485.35,213.153,20081130
2008-12-31,903.25,0.11500000208616257,2.24399995803833,40.0,16485.35,211.398,20081231
2009-01-31,825.8800048828125,0.2199999988079071,2.8440001010894775,44.84000015258789,16298.262,211.933,20090131
2009-02-28,735.0900268554688,0.25,3.0409998893737793,46.349998474121094,16298.262,212.705,20090228
2009-03-31,797.8699951171875,0.20000000298023224,2.684999942779541,44.13999938964844,16298.262,212.495,20090331
2009-04-30,872.8099975585938,0.125,3.124000072479248,36.5,16269.145,212.709,20090430
2009-05-31,919.1400146484375,0.12999999523162842,3.4649999141693115,28.920000076293945,16269.145,213.022,20090531
2009-06-30,919.3200073242188,0.18000000715255737,3.5230000019073486,26.350000381469727,16269.145,214.79,20090630
2009-07-31,987.47998046875,0.17499999701976776,3.500999927520752,25.920000076293945,16326.281,214.726,20090731
2009-08-31,1020.6199951171875,0.12999999523162842,3.4010000228881836,26.010000228881836,16326.281,215.445,20090831
2009-09-30,1057.0799560546875,0.11500000208616257,3.306999921798706,25.610000610351562,16326.281,215.861,20090930
2009-10-31,1036.18994140625,0.04500000178813934,3.3919999599456787,30.690000534057617,16502.754,216.509,20091031
2009-11-30,1095.6300048828125,0.05000000074505806,3.2009999752044678,24.510000228881836,16502.754,217.234,20091130
2009-12-31,1115.0999755859375,0.05000000074505806,3.8429999351501465,21.68000030517578,16502.754,217.347,20091231
2010-01-31,1073.8699951171875,0.07000000029802322,3.6089999675750732,24.6200008392334,16582.71,217.488,20100131
2010-02-28,1104.489990234375,0.11500000208616257,3.5950000286102295,19.5,16582.71,217.281,20100228
2010-03-31,1169.4300537109375,0.15000000596046448,3.8329999446868896,17.59000015258789,16582.71,217.353,20100331
2010-04-30,1186.68994140625,0.1550000011920929,3.6630001068115234,22.049999237060547,16743.162,217.403,20100430
2010-05-31,1089.4100341796875,0.15000000596046448,3.3010001182556152,32.06999969482422,16743.162,217.29,20100531
2010-06-30,1030.7099609375,0.17000000178813934,2.9509999752044678,34.540000915527344,16743.162,217.199,20100630
2010-07-31,1101.5999755859375,0.14000000059604645,2.9070000648498535,23.5,16872.266,217.605,20100731
2010-08-31,1049.3299560546875,0.13500000536441803,2.4769999980926514,26.049999237060547,16872.266,217.923,20100831
2010-09-30,1141.199951171875,0.1550000011920929,2.5169999599456787,23.700000762939453,16872.266,218.275,20100930
2010-10-31,1183.260009765625,0.10999999940395355,2.611999988555908,21.200000762939453,16960.864,219.035,20101031
2010-11-30,1180.550048828125,0.1599999964237213,2.796999931335449,23.540000915527344,16960.864,219.59,20101130
2010-12-31,1257.6400146484375,0.11500000208616257,3.305000066757202,17.75,16960.864,220.472,20101231
2011-01-31,1286.1199951171875,0.14499999582767487,3.378000020980835,19.530000686645508,16920.632,221.187,20110131
2011-02-28,1327.219970703125,0.13500000536441803,3.4140000343322754,18.350000381469727,16920.632,221.898,20110228
2011-03-31,1325.8299560546875,0.09000000357627869,3.4539999961853027,17.739999771118164,16920.632,223.046,20110331
2011-04-30,1363.6099853515625,0.03999999910593033,3.2960000038146973,14.75,17035.114,224.093,20110430
2011-05-31,1345.199951171875,0.03999999910593033,3.049999952316284,15.449999809265137,17035.114,224.806,20110531
2011-06-30,1320.6400146484375,0.014999999664723873,3.1579999923706055,16.520000457763672,17035.114,224.806,20110630
2011-07-31,1292.280029296875,0.09000000357627869,2.805000066757202,25.25,17031.313,225.395,20110731
2011-08-31,1218.8900146484375,0.014999999664723873,2.2179999351501465,31.6200008392334,17031.313,226.106,20110831
2011-09-30,1131.4200439453125,0.009999999776482582,1.9240000247955322,42.959999084472656,17031.313,226.597,20110930
2011-10-31,1253.300048828125,0.004999999888241291,2.174999952316284,29.959999084472656,17222.583,226.75,20111031
2011-11-30,1246.9599609375,0.014999999664723873,2.068000078201294,27.799999237060547,17222.583,227.169,20111130
2011-12-31,1257.5999755859375,0.004999999888241291,1.871000051498413,23.399999618530273,17222.583,227.223,20111231
2012-01-31,1312.4100341796875,0.054999999701976776,1.7990000247955322,19.440000534057617,17367.01,227.842,20120131
2012-02-29,1365.6800537109375,0.07500000298023224,1.9769999980926514,18.43000030517578,17367.01,228.329,20120229
2012-03-31,1408.469970703125,0.06499999761581421,2.2160000801086426,15.5,17367.01,228.807,20120331
2012-04-30,1397.9100341796875,0.09000000357627869,1.9149999618530273,17.149999618530273,17444.525,229.187,20120430
2012-05-31,1310.3299560546875,0.05999999865889549,1.5809999704360962,24.059999465942383,17444.525,228.713,20120531
2012-06-30,1362.1600341796875,0.07999999821186066,1.659000039100647,17.079999923706055,17444.525,228.524,20120630
2012-07-31,1379.3199462890625,0.10000000149011612,1.4919999837875366,18.93000030517578,17469.65,228.59,20120731
2012-08-31,1406.5799560546875,0.08500000089406967,1.562000036239624,17.469999313354492,17469.65,229.918,20120831
2012-09-30,1440.6700439453125,0.09000000357627869,1.6369999647140503,15.729999542236328,17469.65,231.015,20120930
2012-10-31,1412.1600341796875,0.10499999672174454,1.6859999895095825,18.600000381469727,17489.852,231.638,20121031
2012-11-30,1416.1800537109375,0.07500000298023224,1.6059999465942383,15.869999885559082,17489.852,231.249,20121130
2012-12-31,1426.18994140625,0.03500000014901161,1.75600004196167,18.020000457763672,17489.852,231.221,20121231
2013-01-31,1498.1099853515625,0.06499999761581421,1.9850000143051147,14.279999732971191,17662.4,231.679,20130131
2013-02-28,1514.6800537109375,0.10000000149011612,1.8880000114440918,15.510000228881836,17662.4,232.937,20130228
2013-03-31,1569.18994140625,0.06499999761581421,1.8519999980926514,12.699999809265137,17662.4,232.282,20130331
2013-04-30,1597.5699462890625,0.04500000178813934,1.6749999523162842,13.520000457763672,17709.671,231.797,20130430
2013-05-31,1630.739990234375,0.029999999329447746,2.1640000343322754,16.299999237060547,17709.671,231.893,20130531
2013-06-30,1606.280029296875,0.029999999329447746,2.4779999256134033,16.860000610351562,17709.671,232.445,20130630
2013-07-31,1685.72998046875,0.029999999329447746,2.5929999351501465,13.449999809265137,17860.45,232.9,20130731
2013-08-31,1632.969970703125,0.019999999552965164,2.749000072479248,17.010000228881836,17860.45,233.456,20130831
2013-09-30,1681.550048828125,0.004999999888241291,2.615000009536743,16.600000381469727,17860.45,233.544,20130930
2013-10-31,1756.5400390625,0.032999999821186066,2.5420000553131104,13.75,18016.147,233.669,20131031
2013-11-30,1805.81005859375,0.054999999701976776,2.740999937057495,13.699999809265137,18016.147,234.1,20131130
2013-12-31,1848.3599853515625,0.06300000101327896,3.0260000228881836,13.720000267028809,18016.147,234.719,20131231
2014-01-31,1782.5899658203125,0.009999999776482582,2.6679999828338623,18.40999984741211,17953.974,235.288,20140131
2014-02-28,1859.449951171875,0.0430000014603138,2.6579999923706055,14.0,17953.974,235.547,20140228
2014-03-31,1872.3399658203125,0.02800000086426735,2.7230000495910645,13.880000114440918,17953.974,236.028,20140331
2014-04-30,1883.949951171875,0.019999999552965164,2.6480000019073486,13.40999984741211,18185.911,236.468,20140430
2014-05-31,1923.5699462890625,0.029999999329447746,2.4570000171661377,11.399999618530273,18185.911,236.918,20140531
2014-06-30,1960.22998046875,0.019999999552965164,2.5160000324249268,11.569999694824219,18185.911,237.231,20140630
2014-07-31,1930.6700439453125,0.017999999225139618,2.555999994277954,16.950000762939453,18406.941,237.498,20140731
2014-08-31,2003.3699951171875,0.017999999225139618,2.3429999351501465,12.09000015258789,18406.941,237.46,20140831
2014-09-30,1972.2900390625,0.013000000268220901,2.507999897003174,16.309999465942383,18406.941,237.477,20140930
2014-10-31,2018.050048828125,0.003000000026077032,2.3350000381469727,14.029999732971191,18500.031,237.43,20141031
2014-11-30,2067.56005859375,0.004999999888241291,2.194000005722046,13.329999923706055,18500.031,236.983,20141130
2014-12-31,2058.89990234375,0.03700000047683716,2.1700000762939453,19.200000762939453,18500.031,236.252,20141231
2015-01-31,1994.989990234375,0.004999999888241291,1.6749999523162842,20.969999313354492,18666.621,234.747,20150131
2015-02-28,2104.5,0.00800000037997961,2.002000093460083,13.34000015258789,18666.621,235.342,20150228
2015-03-31,2067.889892578125,0.02500000037252903,1.934000015258789,15.289999961853027,18666.621,235.976,20150331
2015-04-30,2085.510009765625,0.004999999888241291,2.0460000038146973,14.550000190734863,18782.243,236.222,20150430
2015-05-31,2107.389892578125,0.003000000026077032,2.0950000286102295,13.84000015258789,18782.243,237.001,20150531
2015-06-30,2063.110107421875,0.009999999776482582,2.3350000381469727,18.229999542236328,18782.243,237.657,20150630
2015-07-31,2103.840087890625,0.057999998331069946,2.2049999237060547,12.119999885559082,18857.418,238.034,20150731
2015-08-31,1972.1800537109375,0.003000000026077032,2.200000047683716,28.43000030517578,18857.418,238.033,20150831
2015-09-30,1920.030029296875,0.004999999888241291,2.059999942779541,24.5,18857.418,237.498,20150930
2015-10-31,2079.360107421875,0.06800000369548798,2.1510000228881836,15.069999694824219,18892.206,237.733,20151031
2015-11-30,2080.409912109375,0.17000000178813934,2.2179999351501465,16.1299991607666,18892.206,238.017,20151130
2015-12-31,2043.93994140625,0.14800000190734863,2.2690000534057617,18.209999084472656,18892.206,237.761,20151231
2016-01-31,1940.239990234375,0.30000001192092896,1.930999994277954,20.200000762939453,19001.69,237.652,20160131
2016-02-29,1932.22998046875,0.30799999833106995,1.7400000095367432,20.549999237060547,19001.69,237.336,20160229
2016-03-31,2059.739990234375,0.19300000369548798,1.7860000133514404,13.949999809265137,19001.69,238.08,20160331
2016-04-30,2065.300048828125,0.19300000369548798,1.819000005722046,15.699999809265137,19062.709,238.992,20160430
2016-05-31,2096.949951171875,0.28299999237060547,1.8339999914169312,14.1899995803833,19062.709,239.557,20160531
2016-06-30,2098.860107421875,0.24799999594688416,1.4880000352859497,15.630000114440918,19062.709,240.222,20160630
2016-07-31,2173.60009765625,0.23999999463558197,1.4579999446868896,11.869999885559082,19197.938,240.101,20160731
2016-08-31,2170.949951171875,0.3199999928474426,1.5679999589920044,13.420000076293945,19197.938,240.545,20160831
2016-09-30,2168.27001953125,0.25999999046325684,1.6080000400543213,13.289999961853027,19197.938,241.176,20160930
2016-10-31,2126.14990234375,0.29499998688697815,1.8339999914169312,17.059999465942383,19304.352,241.741,20161031
2016-11-30,2198.81005859375,0.46799999475479126,2.368000030517578,13.329999923706055,19304.352,242.026,20161130
2016-12-31,2238.830078125,0.47999998927116394,2.446000099182129,14.039999961853027,19304.352,242.637,20161231
2017-01-31,2278.8701171875,0.5,2.4509999752044678,11.989999771118164,19398.343,243.618,20170131
2017-02-28,2363.639892578125,0.5230000019073486,2.3580000400543213,12.920000076293945,19398.343,244.006,20170228
2017-03-31,2362.719970703125,0.7379999756813049,2.3959999084472656,12.369999885559082,19398.343,243.892,20170331
2017-04-30,2384.199951171875,0.7799999713897705,2.2820000648498535,10.819999694824219,19506.949,244.193,20170430
2017-05-31,2411.800048828125,0.949999988079071,2.196000099182129,10.40999984741211,19506.949,244.004,20170531
2017-06-30,2423.409912109375,0.9929999709129333,2.302000045776367,11.180000305175781,19506.949,244.163,20170630
2017-07-31,2470.300048828125,1.0529999732971191,2.2920000553131104,10.260000228881836,19660.766,244.243,20170731
2017-08-31,2471.64990234375,0.9779999852180481,2.121000051498413,10.59000015258789,19660.766,245.183,20170831
2017-09-30,2519.360107421875,1.027999997138977,2.3259999752044678,9.510000228881836,19660.766,246.435,20170930
2017-10-31,2575.260009765625,1.1230000257492065,2.375999927520752,10.180000305175781,19882.352,246.626,20171031
2017-11-30,2647.580078125,1.2380000352859497,2.4170000553131104,11.279999732971191,19882.352,247.284,20171130
2017-12-31,2673.610107421875,1.3550000190734863,2.4049999713897705,11.039999961853027,19882.352,247.805,20171231
2018-01-31,2823.81005859375,1.4299999475479126,2.7200000286102295,13.539999961853027,20044.077,248.859,20180131
2018-02-28,2713.830078125,1.6180000305175781,2.868000030517578,19.850000381469727,20044.077,249.529,20180228
2018-03-31,2640.8701171875,1.6699999570846558,2.740999937057495,19.969999313354492,20044.077,249.577,20180331
2018-04-30,2648.050048828125,1.7630000114440918,2.936000108718872,15.930000305175781,20150.476,250.227,20180430
2018-05-31,2705.27001953125,1.8700000047683716,2.822000026702881,15.430000305175781,20150.476,250.792,20180531
2018-06-30,2718.3701171875,1.8799999952316284,2.8489999771118164,16.09000015258789,20150.476,251.018,20180630
2018-07-31,2816.2900390625,1.9850000143051147,2.9639999866485596,12.829999923706055,20276.154,251.214,20180731
2018-08-31,2901.52001953125,2.055000066757202,2.8529999256134033,12.859999656677246,20276.154,251.663,20180831
2018-09-30,2913.97998046875,2.1500000953674316,3.055999994277954,12.119999885559082,20276.154,252.182,20180930
2018-10-31,2711.739990234375,2.2780001163482666,3.1589999198913574,21.229999542236328,20304.874,252.772,20181031
2018-11-30,2760.169921875,2.308000087738037,3.013000011444092,18.06999969482422,20304.874,252.594,20181130
2018-12-31,2506.85009765625,2.299999952316284,2.686000108718872,25.420000076293945,20304.874,252.767,20181231
2019-01-31,2704.10009765625,2.3399999141693115,2.634999990463257,16.56999969482422,20431.641,252.561,20190131
2019-02-28,2784.489990234375,2.382999897003174,2.7109999656677246,14.779999732971191,20431.641,253.319,20190228
2019-03-31,2834.39990234375,2.328000068664551,2.4140000343322754,13.710000038146973,20431.641,254.277,20190331
2019-04-30,2945.830078125,2.368000030517578,2.509000062942505,13.119999885559082,20602.275,255.233,20190430
2019-05-31,2752.06005859375,2.2929999828338623,2.1419999599456787,18.709999084472656,20602.275,255.296,20190531
2019-06-30,2941.760009765625,2.0350000858306885,2.0,15.079999923706055,20602.275,255.213,20190630
2019-07-31,2980.3798828125,2.0299999713897705,2.0209999084472656,16.1200008392334,20843.322,255.802,20190731
2019-08-31,2926.4599609375,1.9329999685287476,1.50600004196167,18.979999542236328,20843.322,256.036,20190831
2019-09-30,2976.739990234375,1.7699999809265137,1.6749999523162842,16.239999771118164,20843.322,256.43,20190930
2019-10-31,3037.56005859375,1.4980000257492065,1.690999984741211,13.220000267028809,20985.448,257.155,20191031
2019-11-30,3140.97998046875,1.5399999618530273,1.7760000228881836,12.619999885559082,20985.448,257.879,20191130
2019-12-31,3230.780029296875,1.5049999952316284,1.9190000295639038,13.779999732971191,20985.448,258.63,20191231
2020-01-31,3225.52001953125,1.5099999904632568,1.5199999809265137,18.84000015258789,20709.212,259.127,20200131
2020-02-29,2954.219970703125,1.2300000190734863,1.1269999742507935,40.11000061035156,20709.212,259.25,20200229
2020-03-31,2584.590087890625,0.029999999329447746,0.6980000138282776,53.540000915527344,20709.212,258.076,20200331
2020-04-30,2912.429931640625,0.09000000357627869,0.621999979019165,34.150001525878906,19077.992,256.032,20200430
2020-05-31,3044.31005859375,0.12800000607967377,0.6480000019073486,27.510000228881836,19077.992,255.802,20200531
2020-06-30,3100.2900390625,0.13500000536441803,0.652999997138977,30.43000030517578,19077.992,257.042,20200630
2020-07-31,3271.1201171875,0.08299999684095383,0.5360000133514404,24.459999084472656,20558.879,258.352,20200731
2020-08-31,3500.31005859375,0.0949999988079071,0.6930000185966492,26.40999984741211,20558.879,259.316,20200831
2020-09-30,3363.0,0.08500000089406967,0.6769999861717224,26.3700008392334,20558.879,259.997,20200930
2020-10-31,3269.9599609375,0.08299999684095383,0.8600000143051147,38.02000045776367,20791.917,260.319,20201031
2020-11-30,3621.6298828125,0.07500000298023224,0.843999981880188,20.56999969482422,20791.917,260.911,20201130
2020-12-31,3756.070068359375,0.06499999761581421,0.9169999957084656,22.75,20791.917,262.045,20201231
2021-01-31,3714.239990234375,0.04800000041723251,1.093000054359436,33.09000015258789,21082.134,262.639,20210131
2021-02-28,3811.14990234375,0.03500000014901161,1.4600000381469727,27.950000762939453,21082.134,263.573,20210228
2021-03-31,3972.889892578125,0.013000000268220901,1.746000051498413,19.399999618530273,21082.134,264.847,20210331
2021-04-30,4181.169921875,0.003000000026077032,1.63100004196167,18.610000610351562,21440.929,266.625,20210430
2021-05-31,4204.10986328125,0.00800000037997961,1.5809999704360962,16.760000228881836,21440.929,268.404,20210531
2021-06-30,4297.5,0.03999999910593033,1.4429999589920044,15.829999923706055,21440.929,270.71,20210630
2021-07-31,4395.259765625,0.03999999910593033,1.2389999628067017,18.239999771118164,21617.828,271.965,20210731
2021-08-31,4522.68017578125,0.03999999910593033,1.3040000200271606,16.479999542236328,21617.828,272.752,20210831
2021-09-30,4307.5400390625,0.02800000086426735,1.5290000438690186,23.139999389648438,21617.828,273.942,20210930
2021-10-31,4605.3798828125,0.04800000041723251,1.5570000410079956,16.260000228881836,21988.737,276.528,20211031
2021-11-30,4567.0,0.04800000041723251,1.4429999589920044,27.190000534057617,21988.737,278.824,20211130
2021-12-31,4766.18017578125,0.032999999821186066,1.5119999647140503,17.219999313354492,21988.737,280.806,20211231
2022-01-31,4515.5498046875,0.17299999296665192,1.781999945640564,24.829999923706055,21932.71,282.542,20220131
2022-02-28,4373.93994140625,0.2879999876022339,1.8389999866485596,30.149999618530273,21932.71,284.525,20220228
2022-03-31,4530.41015625,0.49300000071525574,2.3269999027252197,20.559999465942383,21932.71,287.467,20220331
2022-04-30,4131.93017578125,0.8080000281333923,2.88700008392334,33.400001525878906,21967.045,288.582,20220430
2022-05-31,4132.14990234375,1.0299999713897705,2.8440001010894775,26.190000534057617,21967.045,291.299,20220531
2022-06-30,3785.3798828125,1.600000023841858,2.9719998836517334,28.709999084472656,21967.045,295.072,20220630
2022-07-31,4130.2900390625,2.2980000972747803,2.6419999599456787,21.329999923706055,22125.625,294.94,20220731
2022-08-31,3955.0,2.859999895095825,3.132999897003174,25.8700008392334,22125.625,295.162,20220831
2022-09-30,3585.6201171875,3.180000066757202,3.803999900817871,31.6200008392334,22125.625,296.421,20220930
2022-10-31,3871.97998046875,3.9749999046325684,4.077000141143799,25.8799991607666,22278.345,297.979,20221031
2022-11-30,4080.110107421875,4.252999782562256,3.703000068664551,20.579999923706055,22278.345,298.708,20221130
2022-12-31,3839.5,4.260000228881836,3.878999948501587,21.670000076293945,22278.345,298.808,20221231
2023-01-31,4076.60009765625,4.570000171661377,3.5290000438690186,19.399999618530273,22439.607,300.456,20230131
2023-02-28,3970.14990234375,4.710000038146973,3.9159998893737793,20.700000762939453,22439.607,301.476,20230228
2023-03-31,4109.31005859375,4.585000038146973,3.49399995803833,18.700000762939453,22439.607,301.643,20230331
2023-04-30,4169.47998046875,4.922999858856201,3.4519999027252197,15.779999732971191,22580.499,302.858,20230430
2023-05-31,4179.830078125,5.248000144958496,3.63700008392334,17.940000534057617,22580.499,303.316,20230531
2023-06-30,4450.3798828125,5.1529998779296875,3.819000005722046,13.59000015258789,22580.499,304.099,20230630
2023-07-31,4588.9599609375,5.248000144958496,3.9590001106262207,13.630000114440918,22840.989,304.615,20230731
2023-08-31,4507.66015625,5.297999858856201,4.0929999351501465,13.569999694824219,22840.989,306.138,20230831
2023-09-30,4288.0498046875,5.300000190734863,4.572999954223633,17.520000457763672,22840.989,307.374,20230930
2023-10-31,4193.7998046875,5.320000171661377,4.875,18.139999389648438,23033.78,307.653,20231031
2023-11-30,4567.7998046875,5.23799991607666,4.3520002365112305,12.920000076293945,23033.78,308.087,20231130
2023-12-31,4769.830078125,5.179999828338623,3.865999937057495,12.449999809265137,23033.78,308.735,20231231
2024-01-31,4845.64990234375,5.188000202178955,3.9670000076293945,14.350000381469727,23082.119,309.794,20240131
2024-02-29,5096.27001953125,5.2230000495910645,4.251999855041504,13.399999618530273,23082.119,311.022,20240229
2024-03-31,5254.35009765625,5.203000068664551,4.205999851226807,13.010000228881836,23082.119,312.107,20240331
2024-04-30,5035.68994140625,5.244999885559082,4.685999870300293,15.649999618530273,23286.508,313.016,20240430
2024-05-31,5277.509765625,5.244999885559082,4.513999938964844,12.920000076293945,23286.508,313.14,20240531
2024-06-30,5460.47998046875,5.2129998207092285,4.3429999351501465,12.4399995803833,23286.508,313.131,20240630
2024-07-31,5522.2998046875,5.135000228881836,4.109000205993652,16.360000610351562,23478.57,313.566,20240731
2024-08-31,5648.39990234375,4.9679999351501465,3.9110000133514404,15.0,23478.57,314.131,20240831
2024-09-30,5762.47998046875,4.498000144958496,3.802000045776367,16.729999542236328,23478.57,314.851,20240930
2024-10-31,5705.4501953125,4.432000160217285,4.283999919891357,23.15999984741211,23586.542,315.564,20241031
2024-11-30,6032.3798828125,4.373000144958496,4.177999973297119,13.510000228881836,23586.542,316.449,20241130
2024-12-31,5881.6298828125,4.208000183105469,4.572999954223633,17.350000381469727,23586.542,317.603,20241231
2025-01-31,6040.52978515625,4.188000202178955,4.568999767303467,16.43000030517578,23548.21,319.086,20250131
2025-02-28,5954.5,4.192999839782715,4.230999946594238,19.6299991607666,23548.21,319.775,20250228
2025-03-31,5611.85009765625,4.192999839782715,4.245999813079834,22.280000686645508,23548.21,319.615,20250331
2025-04-30,5569.06005859375,4.190000057220459,4.177000045776367,24.700000762939453,23770.976,320.321,20250430
2025-05-31,5911.68994140625,4.23199987411499,4.415999889373779,18.56999969482422,,320.58,20250531
2025-06-30,6204.9501953125,4.190000057220459,4.230000019073486,16.729999542236328,,321.5,20250630
2025-07-31,6339.39013671875,4.235000133514404,4.360000133514404,16.719999313354492,,322.132,20250731
2025-08-31,6460.259765625,4.043000221252441,4.2270002365112305,15.359999656677246,,323.364,20250831
2025-09-30,6688.4599609375,3.8450000286102295,4.1479997634887695,16.280000686645508,,324.368,20250930
2025-10-31,6840.2001953125,3.7179999351501465,4.10099983215332,17.440000534057617,,,20251031
2025-11-30,6602.990234375,3.740000009536743,4.063000202178955,23.43000030517578,,,20251130
